"employee_id","first_name","last_name","email","hire_date","department","gender","salary","region_id"
1,Berrie,Manueau,bmanueau0@dion.ne.jp,2006-04-20,Sports,F,154864,4
2,Aeriell,McNee,amcnee1@google.es,2009-01-26,Tools,F,56752,3
3,Sydney,Symonds,ssymonds2@hhs.gov,2010-05-17,Clothing,F,95313,4
4,Avrom,Rowantree,,2014-08-02,Phones & Tablets,M,119674,7
5,Feliks,Morffew,fmorffew4@a8.net,2003-01-14,Computers,M,55307,5
6,Bethena,Trow,btrow5@technorati.com,2003-06-08,Sports,F,134501,3
7,Ardeen,Curwood,acurwood6@1und1.de,2006-02-19,Clothing,F,28995,7
8,Seline,Dubber,sdubber7@t-online.de,2012-05-28,Phones & Tablets,F,101066,3
9,Dayle,Trail,dtrail8@tamu.edu,2003-03-01,First Aid,F,82753,1
10,Redford,Roberti,,2008-07-21,Clothing,M,72225,7
11,Nickey,Pointon,npointona@vistaprint.com,2006-12-30,Jewelry,M,126333,7
12,Leonora,Casaroli,lcasarolib@plala.or.jp,2013-07-22,Beauty,F,99504,3
13,Anetta,Arnao,,2009-05-23,Games,F,38162,1
14,Jodi,Hook,jhookd@booking.com,2003-10-16,Tools,F,126588,2
15,Alyson,Franzonello,,2004-01-01,Furniture,F,61256,6
16,Merell,Yakovliv,myakovlivf@ucsd.edu,2008-08-16,Movies,M,78141,7
17,Annora,Bendelow,abendelowg@google.com.hk,2009-06-12,Toys,F,75283,5
18,Ronica,Armfield,,2012-09-14,Toys,F,114983,5
19,Bernardine,Hendricks,bhendricksi@privacy.gov.au,2006-02-04,Device Repair,F,158268,3
20,Jessey,Colum,jcolumj@pen.io,2013-07-08,Computers,M,77173,7
21,Bernardo,Davage,,2013-07-11,Clothing,M,124949,6
22,Cayla,Duffer,,2007-02-01,Grocery,F,78589,3
23,Vanda,Marwick,vmarwickm@upenn.edu,2014-02-06,Automotive,F,103570,4
24,Corabel,Syversen,csyversenn@aboutads.info,2016-03-03,Pharmacy,F,91323,3
25,Zane,Breem,zbreemo@abc.net.au,2012-07-30,Cosmetics,M,56688,6
26,Frasquito,Cawson,,2006-06-24,Movies,M,78881,1
27,Niles,Chawkley,nchawkleyq@flavors.me,2013-09-22,Movies,M,156303,3
28,Emanuele,Sandcraft,esandcraftr@toplist.cz,2015-01-01,Garden,M,70827,2
29,Cortie,Ambrosini,cambrosinis@microsoft.com,2014-05-03,Games,M,133847,4
30,Benn,Dudley,bdudleyt@dailymail.co.uk,2012-08-24,Beauty,M,67800,7
31,Cleve,Conti,ccontiu@noaa.gov,2008-02-27,Garden,M,91608,5
32,Aldon,Paddison,apaddisonv@lulu.com,2013-06-30,First Aid,M,109592,5
33,Ernestine,Sloley,esloleyw@rakuten.co.jp,2011-06-27,Device Repair,F,146549,5
34,Lucy,Olifaunt,lolifauntx@dailymotion.com,2005-02-07,Sports,F,165660,7
35,Olenolin,Blundan,,2004-09-29,Beauty,M,137691,3
36,Anatollo,Doyle,,2016-04-08,Computers,M,98207,1
37,Wilfrid,Sainer,wsainer10@gizmodo.com,2015-09-30,Movies,M,147235,3
38,Edna,Erwin,,2003-04-09,Children Clothing,F,91397,5
39,Mikael,Kybbye,mkybbye12@si.edu,2010-12-07,Vitamins,M,52642,1
40,Modestine,Proctor,mproctor13@digg.com,2015-05-04,Tools,F,81889,7
41,Jania,Gresly,jgresly14@ted.com,2010-09-08,Furniture,F,97812,6
42,Penelopa,Danieli,pdanieli15@microsoft.com,2014-06-23,Toys,F,85218,1
43,Maurise,Bengefield,mbengefield16@sohu.com,2005-07-08,Pharmacy,F,63332,2
44,Moise,Turpey,mturpey17@mac.com,2008-04-15,Device Repair,M,33781,1
45,Giacopo,Mariner,gmariner18@noaa.gov,2005-01-31,Grocery,M,130445,7
46,Lanny,Comolli,lcomolli19@posterous.com,2014-06-19,Phones & Tablets,F,34250,6
47,Byrann,Jaukovic,bjaukovic1a@networkadvertising.org,2011-11-13,Books,M,121054,7
48,Birgitta,Stanbrooke,bstanbrooke1b@netvibes.com,2016-09-12,Clothing,F,77259,1
49,Portie,Ilden,pilden1c@usa.gov,2006-01-20,Device Repair,M,69190,7
50,Modesty,Blagburn,mblagburn1d@studiopress.com,2008-03-16,Beauty,F,130580,1
51,Norine,Steinham,,2008-08-22,Sports,F,66488,2
52,Charla,Adamowicz,cadamowicz1f@tiny.cc,2011-03-16,Music,F,162206,2
53,Alphonse,Shedd,ashedd1g@illinois.edu,2014-08-17,Cosmetics,M,33272,4
54,Verney,McQuirk,vmcquirk1h@ning.com,2012-06-17,Clothing,M,97156,2
55,Norina,Yea,nyea1i@cnet.com,2005-06-14,Children Clothing,F,45959,1
56,Wilek,Cossor,wcossor1j@merriam-webster.com,2014-09-17,Children Clothing,M,91859,4
57,Reuben,Hallard,,2009-03-14,First Aid,M,34572,5
58,King,Sangra,,2012-01-08,Grocery,M,53499,6
59,Hilario,Reily,hreily1m@google.co.jp,2012-03-18,Phones & Tablets,M,83332,5
60,Orland,Backhouse,obackhouse1n@yahoo.co.jp,2007-07-12,Beauty,M,162845,6
61,Bobby,Keppie,,2010-10-22,Computers,M,123722,3
62,Lek,Camplin,,2007-07-16,Children Clothing,M,124190,6
63,Fanya,Naish,fnaish1q@jalbum.net,2014-02-24,Tools,F,140681,3
64,Ody,Dunks,odunks1r@theguardian.com,2006-10-13,Toys,M,92003,1
65,Cindi,Clyburn,cclyburn1s@wikimedia.org,2007-07-07,Games,F,70527,2
66,Deb,Scarratt,,2010-12-24,Jewelry,F,112297,3
67,Wain,Betonia,wbetonia1u@princeton.edu,2005-07-23,Tools,M,26578,3
68,Wilhelmina,Martignon,,2013-04-11,Jewelry,F,150818,3
69,Ivar,Burwin,iburwin1w@hostgator.com,2008-07-04,Toys,M,67447,4
70,Geoff,Burrell,gburrell1x@paginegialle.it,2016-05-10,Clothing,M,88652,1
71,Tobi,Lamasna,tlamasna1y@gmpg.org,2012-04-10,Vitamins,F,68925,4
72,Zebulon,Guppey,zguppey1z@virginia.edu,2004-11-30,Toys,M,89221,7
73,Melonie,Tredger,mtredger20@pcworld.com,2006-03-26,Computers,F,63128,3
74,Margy,Bess,mbess21@google.fr,2012-11-10,Computers,F,144141,7
75,Fiorenze,Woodyer,,2003-02-17,Phones & Tablets,F,51266,2
76,Toby,Deek,tdeek23@wikimedia.org,2015-07-10,Device Repair,F,111363,2
77,Maurice,Philbrick,,2006-01-08,Sports,M,67615,1
78,Wendel,Olczyk,wolczyk25@redcross.org,2010-01-11,Games,M,118392,4
79,Rora,Brumfitt,rbrumfitt26@ucoz.ru,2003-01-12,Children Clothing,F,153489,7
80,Hester,Seakin,hseakin27@netlog.com,2006-11-30,Clothing,F,150887,5
81,Ivan,Hassewell,ihassewell28@paginegialle.it,2004-09-26,Device Repair,M,74721,6
82,Dani,Diter,dditer29@huffingtonpost.com,2006-01-13,Camping,M,102516,2
83,Elnora,Babin,ebabin2a@foxnews.com,2003-02-22,First Aid,F,34355,5
84,Kippie,Petrolli,kpetrolli2b@wsj.com,2008-06-27,Clothing,M,128327,2
85,Christal,Ghest,,2006-10-21,Pharmacy,F,64957,5
86,Doll,Blondel,dblondel2d@list-manage.com,2007-03-30,Camping,F,136773,7
87,Riane,Malloch,rmalloch2e@reuters.com,2014-12-17,Tools,F,101577,3
88,Brandice,Tomovic,btomovic2f@histats.com,2008-06-21,Music,F,130031,2
89,Claudetta,Sappson,csappson2g@aboutads.info,2011-08-24,Sports,F,157802,5
90,Irita,Starie,istarie2h@answers.com,2004-10-15,Automotive,F,160783,1
91,Riley,Yellowlea,ryellowlea2i@ibm.com,2007-03-20,Camping,M,166569,5
92,Port,Dancy,pdancy2j@nytimes.com,2011-06-14,Clothing,M,86352,3
93,Hallsy,Theuss,htheuss2k@independent.co.uk,2010-04-05,Computers,M,49565,3
94,Cati,Keat,ckeat2l@nih.gov,2004-07-17,Tools,F,103302,7
95,Stevana,Norton,snorton2m@dion.ne.jp,2014-02-21,Pharmacy,F,111122,4
96,Cal,Lowre,clowre2n@marketwatch.com,2010-12-30,Movies,F,47412,2
97,Jilleen,Toone,,2013-04-20,Automotive,F,137393,3
98,Natalee,Arnal,narnal2p@reference.com,2014-03-16,Tools,F,125024,5
99,Simeon,Scarsbrooke,sscarsbrooke2q@ted.com,2011-04-10,Jewelry,M,56976,2
100,Sashenka,Paris,sparis2r@si.edu,2005-10-01,Furniture,F,117137,2
101,Ev,Wessell,ewessell2s@earthlink.net,2013-06-28,Grocery,M,164582,4
102,Bryna,Tarply,btarply2t@scientificamerican.com,2010-08-20,Movies,F,71440,7
103,Gregoire,Clementi,gclementi2u@privacy.gov.au,2003-11-04,Garden,M,104006,1
104,Dulsea,Drennan,,2014-12-06,Computers,F,128255,7
105,Butch,Calbert,bcalbert2w@cbc.ca,2014-09-04,Books,M,70287,4
106,Heath,MacRedmond,,2004-10-22,Phones & Tablets,M,156926,2
107,Christine,Hessing,chessing2y@dailymail.co.uk,2013-11-07,Books,F,149864,5
108,Dionysus,Dumpleton,ddumpleton2z@typepad.com,2009-12-30,Movies,M,145973,5
109,Sigismund,Von Hindenburg,svonhindenburg30@seattletimes.com,2007-01-28,Toys,M,125291,1
110,Roarke,Sully,rsully31@army.mil,2004-10-26,Movies,M,86223,7
111,Elihu,Epp,,2012-11-11,Pharmacy,M,55779,6
112,Holt,Sillars,hsillars33@illinois.edu,2012-10-23,Books,M,46099,1
113,Myrtice,Emmens,,2011-11-21,Movies,F,36919,6
114,Johnnie,Waight,jwaight35@yahoo.com,2007-11-28,Beauty,M,120362,6
115,Peyter,Jansey,pjansey36@linkedin.com,2005-12-02,Children Clothing,M,23348,4
116,Kath,Mateescu,kmateescu37@google.ca,2016-02-18,Device Repair,F,133361,6
117,Cornelle,Marty,cmarty38@newsvine.com,2015-11-07,Books,F,156858,4
118,Roxane,Raftery,rraftery39@arstechnica.com,2016-08-05,Movies,F,43199,1
119,Worth,Pavey,,2007-04-09,Tools,M,86252,5
120,Elwin,Seakin,eseakin3b@tmall.com,2014-07-09,First Aid,M,141261,1
121,Collie,Morfett,,2016-06-17,Clothing,F,89961,4
122,Josselyn,Cardus,jcardus3d@technorati.com,2010-01-19,Music,F,162341,7
123,Olvan,Ladds,,2004-04-01,Books,M,61102,3
124,Remy,Sperski,rsperski3f@vistaprint.com,2004-06-19,Grocery,F,22796,1
125,Valera,Southway,vsouthway3g@timesonline.co.uk,2010-05-20,Device Repair,F,25114,6
126,Roslyn,Guiu,rguiu3h@com.com,2003-08-11,Automotive,F,157260,1
127,Colby,Soulsby,csoulsby3i@google.co.jp,2011-06-22,Toys,M,104665,5
128,Archibald,Pavey,,2015-04-27,Toys,M,59860,1
129,Roslyn,Frape,rfrape3k@chronoengine.com,2004-04-07,Garden,F,91287,6
130,Vincents,Gullivent,vgullivent3l@wikia.com,2010-07-24,Camping,M,57696,6
131,Hewet,Calafate,hcalafate3m@webmd.com,2016-11-24,Phones & Tablets,M,113979,2
132,Olivie,Issett,oissett3n@purevolume.com,2004-05-31,Movies,F,155316,4
133,Ezri,Foystone,efoystone3o@dagondesign.com,2010-10-26,Garden,M,87986,5
134,Demott,Mouton,,2007-09-26,Cosmetics,M,22284,5
135,Salli,Caville,scaville3q@miibeian.gov.cn,2008-10-17,Furniture,F,29124,5
136,Cordie,Broadbear,cbroadbear3r@eventbrite.com,2015-03-02,Games,M,124521,2
137,Darn,Pattisson,dpattisson3s@latimes.com,2013-01-23,Decor,M,152418,7
138,Clemmie,Forber,cforber3t@fc2.com,2014-10-17,Garden,F,53101,6
139,Kalie,Dowthwaite,kdowthwaite3u@technorati.com,2003-11-24,First Aid,F,132796,3
140,Eugenia,Scourgie,escourgie3v@imdb.com,2011-06-29,Camping,F,26747,5
141,Rozamond,Malam,rmalam3w@indiatimes.com,2011-10-10,Phones & Tablets,F,140349,3
142,Constantine,Torrese,ctorrese3x@bloglines.com,2004-09-11,Device Repair,F,112819,3
143,Dasi,Kennefick,dkennefick3y@apple.com,2006-04-30,Device Repair,F,29158,4
144,Orelia,McBoyle,omcboyle3z@reddit.com,2005-11-22,Children Clothing,F,78053,6
145,Elene,Ofen,eofen40@e-recht24.de,2015-09-11,Tools,F,43510,2
146,Stanfield,Bagnall,,2015-06-01,Clothing,M,92839,6
147,Coralie,Shea,cshea42@php.net,2004-08-17,Children Clothing,F,128326,2
148,Jobina,Oldacre,joldacre43@de.vu,2007-07-03,Beauty,F,119587,6
149,Brooks,Dinsdale,bdinsdale44@kickstarter.com,2010-01-03,Cosmetics,F,119774,7
150,Rex,Cowlishaw,rcowlishaw45@webnode.com,2008-02-08,Games,M,124936,4
151,Maximilianus,Woonton,mwoonton46@ning.com,2008-12-18,Toys,M,90399,5
152,Johnette,Claworth,jclaworth47@google.pl,2009-12-13,Games,F,27750,3
153,Damiano,Speirs,dspeirs48@google.co.jp,2012-10-02,Books,M,94781,3
154,Sapphira,Stouther,sstouther49@photobucket.com,2007-12-10,Device Repair,F,39966,3
155,Fleming,Gulleford,fgulleford4a@nasa.gov,2004-10-31,Games,M,66813,4
156,Joleen,Rothwell,jrothwell4b@fastcompany.com,2004-10-24,Sports,F,29838,2
157,Paulie,Wadly,pwadly4c@nytimes.com,2015-04-09,Pharmacy,M,37829,5
158,Tally,Bearcroft,tbearcroft4d@soup.io,2004-02-09,Device Repair,M,98291,4
159,Lindon,Anniwell,lanniwell4e@ustream.tv,2011-06-11,Games,M,98335,4
160,Stella,Kershow,skershow4f@patch.com,2012-05-30,Device Repair,F,160249,2
161,Kathye,Kinnett,kkinnett4g@cloudflare.com,2005-10-09,Beauty,F,71413,6
162,Wynne,Fourcade,wfourcade4h@uiuc.edu,2009-12-05,Device Repair,F,161532,5
163,Stirling,MacSweeney,smacsweeney4i@sourceforge.net,2008-11-10,Jewelry,M,37157,5
164,Benjamin,Younie,byounie4j@cdbaby.com,2006-11-13,Sports,M,21735,2
165,Hillary,Coward,,2015-07-10,Furniture,F,70680,7
166,Jacqui,Buttwell,,2003-07-05,Movies,F,45570,6
167,Karlis,Cromar,kcromar4m@accuweather.com,2011-07-20,Clothing,M,113213,1
168,Jarad,Plenderleith,jplenderleith4n@imageshack.us,2012-05-26,Children Clothing,M,31276,4
169,Talyah,Delgadillo,tdelgadillo4o@cnn.com,2010-07-19,Furniture,F,77245,2
170,Linnell,Haps,lhaps4p@blogs.com,2016-09-25,Computers,F,98885,7
171,Lurette,Holbie,lholbie4q@qq.com,2008-08-16,Device Repair,F,142660,7
172,Bunny,Sawkin,bsawkin4r@behance.net,2013-10-21,Garden,F,163361,1
173,Bev,Kincaid,,2008-12-06,Clothing,M,65336,7
174,Artair,Tumbelty,,2007-12-01,Movies,M,142589,5
175,Lockwood,Grave,,2007-05-14,Cosmetics,M,129004,6
176,Billie,Trebbett,,2007-10-04,Furniture,M,123320,7
177,Michail,Huggard,mhuggard4w@php.net,2005-01-07,Device Repair,M,164355,3
178,Cordelie,Giffkins,cgiffkins4x@loc.gov,2012-11-21,Music,F,24799,2
179,Lanny,Northcott,lnorthcott4y@nyu.edu,2016-07-26,First Aid,M,159320,6
180,Damara,Scherer,dscherer4z@dion.ne.jp,2005-01-04,Tools,F,44978,2
181,Jayme,Jimmison,jjimmison50@amazon.co.uk,2009-07-18,Camping,M,79893,1
182,Jaimie,Paulusch,jpaulusch51@sakura.ne.jp,2004-10-10,Jewelry,F,36979,5
183,Maurita,Slegg,mslegg52@ning.com,2007-09-25,Beauty,F,59338,1
184,Bertie,Androletti,bandroletti53@salon.com,2013-02-02,Music,M,109859,3
185,Nels,Helder,nhelder54@gnu.org,2011-07-25,Furniture,M,146713,4
186,Rory,Domel,rdomel55@yellowbook.com,2007-08-30,Camping,F,153133,1
187,Read,Elcoux,relcoux56@cam.ac.uk,2006-01-14,Tools,M,41621,5
188,Jerry,Novis,jnovis57@virginia.edu,2015-12-07,Movies,F,59229,5
189,Donovan,Tynnan,dtynnan58@vk.com,2011-01-03,First Aid,M,139035,2
190,Averyl,Weinmann,aweinmann59@google.com.au,2014-10-12,Sports,F,118250,7
191,Marjorie,Leavey,mleavey5a@myspace.com,2012-08-17,Sports,F,130147,5
192,Fonzie,Barukh,,2005-11-25,First Aid,M,134991,2
193,Fredrick,Cleen,fcleen5c@studiopress.com,2010-04-04,Beauty,M,106563,1
194,Yardley,Vynarde,,2003-02-28,Jewelry,M,26876,1
195,Gilly,Gerold,ggerold5e@alibaba.com,2005-07-07,Cosmetics,F,85248,6
196,Marylin,Crombleholme,mcrombleholme5f@wisc.edu,2014-04-08,Music,F,20776,6
197,Ali,Arnaudet,aarnaudet5g@gizmodo.com,2005-09-19,Decor,M,65696,4
198,Orrin,Janz,ojanz5h@cbsnews.com,2007-08-09,Furniture,M,73510,5
199,Gabriel,Widocks,gwidocks5i@acquirethisname.com,2012-05-01,Cosmetics,M,154376,5
200,Marjorie,Limeburn,,2012-01-06,First Aid,F,96108,3
